USE retaildb;

INSERT INTO category (category_id, category_name) VALUES
(7, 'Bakery'),
(8, 'Frozen Foods'),
(9, 'Baby Care'),
(10, 'Pet Care'),
(11, 'Health & Wellness'),
(12, 'Stationery'),
(13, 'Electronics'),
(14, 'Fruits & Vegetables'),
(15, 'Meat & Eggs'),
(16, 'Clothing Basics');

INSERT INTO customer (name, phone, visit_type) VALUES
('Aarav Sharma','9876500028','Frequent'),
('Priya Verma','9876500029','New'),
('Rohan Gupta','9876500030','Occasional'),
('Sneha Patel','9876500031','Frequent'),
('Karan Singh','9876500032','New'),
('Neha Joshi','9876500033','Occasional'),
('Vikas Mehta','9876500034','Frequent'),
('Pooja Nair','9876500035','New'),
('Aditya Rao','9876500036','Occasional'),
('Anjali Das','9876500037','Frequent'),
('Rahul Yadav','9876500038','New'),
('Simran Kaur','9876500039','Occasional'),
('Mohit Jain','9876500040','Frequent'),
('Isha Kapoor','9876500041','New'),
('Nikhil Mishra','9876500042','Occasional'),
('Divya Shah','9876500043','Frequent'),
('Harsh Agarwal','9876500044','New'),
('Kavya Reddy','9876500045','Occasional'),
('Arjun Malhotra','9876500046','Frequent'),
('Meera Sinha','9876500047','New'),
('Yash Tiwari','9876500048','Occasional'),
('Tanvi Chawla','9876500049','Frequent'),
('Manav Bansal','9876500050','New'),
('Ritika Iyer','9876500051','Occasional'),
('Sahil Arora','9876500052','Frequent'),
('Naina Bhatia','9876500053','New'),
('Aman Khanna','9876500054','Occasional'),
('Shreya Menon','9876500055','Frequent'),
('Deepak Roy','9876500056','New'),
('Payal Sen','9876500057','Occasional'),
('Varun Sood','9876500058','Frequent'),
('Riya Kulkarni','9876500059','New'),
('Akash Dubey','9876500060','Occasional'),
('Komal Puri','9876500061','Frequent'),
('Nitin Saxena','9876500062','New'),
('Aditi Bhardwaj','9876500063','Occasional'),
('Gaurav Pillai','9876500064','Frequent'),
('Ira Thomas','9876500065','New'),
('Chirag Bedi','9876500066','Occasional'),
('Mansi Gill','9876500067','Frequent'),
('Ritesh Kumar','9876500068','New'),
('Sana Ali','9876500069','Occasional'),
('Parth Desai','9876500070','Frequent'),
('Jiya Bose','9876500071','New'),
('Tushar Modi','9876500072','Occasional'),
('Heena Arvind','9876500073','Frequent'),
('Dev Malviya','9876500074','New'),
('Ayesha Khan','9876500075','Occasional'),
('Lakshya Goel','9876500076','Frequent'),
('Radhika Paul','9876500077','New'),
('Aniket Pathak','9876500078','Occasional'),
('Preeti Rana','9876500079','Frequent'),
('Bhavesh Trivedi','9876500080','New'),
('Sakshi Luthra','9876500081','Occasional'),
('Hemant Rawat','9876500082','Frequent'),
('Ishita Dutta','9876500083','New'),
('Naveen Shetty','9876500084','Occasional'),
('Trisha Ghosh','9876500085','Frequent'),
('Raghav Pande','9876500086','New'),
('Muskan Oberoi','9876500087','Occasional'),
('Abhishek Rana','9876500088','Frequent'),
('Pallavi Seth','9876500089','New'),
('Sameer Batra','9876500090','Occasional'),
('Vidhi Anand','9876500091','Frequent'),
('Kunal Suri','9876500092','New'),
('Nidhi Kohli','9876500093','Occasional'),
('Tarun Arvind','9876500094','Frequent'),
('Saloni Gupta','9876500095','New'),
('Dhruv Kapoor','9876500096','Occasional'),
('Bhavna Jindal','9876500097','Frequent'),
('Pranav Joshi','9876500098','New'),
('Reema Naidu','9876500099','Occasional'),
('Omkar Pawar','9876500100','Frequent'),
('Tanya Narang','9876500101','New'),
('Rajat Ahuja','9876500102','Occasional'),
('Kirti Vyas','9876500103','Frequent'),
('Uday Chandra','9876500104','New'),
('Pihu Sharma','9876500105','Occasional'),
('Zaid Mirza','9876500106','Frequent'),
('Lavanya Iqbal','9876500107','New'),
('Harshit Anand','9876500108','Occasional'),
('Mitali Das','9876500109','Frequent'),
('Rupesh Maurya','9876500110','New'),
('Jhanvi Kapoor','9876500111','Occasional'),
('Sumeet Soni','9876500112','Frequent'),
('Ankita Rao','9876500113','New'),
('Faizan Khan','9876500114','Occasional'),
('Diya Menon','9876500115','Frequent'),
('Shivam Tandon','9876500116','New'),
('Pallak Bansal','9876500117','Occasional'),
('Tejas Patil','9876500118','Frequent'),
('Ruchi Jain','9876500119','New'),
('Kabir Sehgal','9876500120','Occasional'),
('Nupur Sethi','9876500121','Frequent'),
('Anshul Negi','9876500122','New'),
('Yamini Roy','9876500123','Occasional'),
('Devansh Kulkarni','9876500124','Frequent'),
('Mahima Lal','9876500125','New'),
('Siddharth Bose','9876500126','Occasional'),
('Charu Mishra','9876500127','Frequent');

INSERT INTO product (product_id, product_name, price, category_id, supplier_id) VALUES
(61,'Organic Honey',299.00,6,1),
(62,'Tomato Ketchup',110.00,6,2),
(63,'Green Tea Pack',180.00,3,3),
(64,'Chocolate Cookies',90.00,2,4),
(65,'Dishwash Liquid',145.00,5,5),
(66,'Face Wash',210.00,4,2),
(67,'Cheese Slices',165.00,1,3),
(68,'Frozen Peas',130.00,6,1),
(69,'Protein Bar',75.00,2,4),
(70,'Hair Conditioner',260.00,4,5),
(71,'Laundry Powder',320.00,5,2),
(72,'Energy Drink',125.00,3,1),
(73,'Salted Chips',40.00,2,3),
(74,'Brown Bread',55.00,6,4),
(75,'Butter Cookies',120.00,2,5),
(76,'Toilet Cleaner',170.00,5,1),
(77,'Shampoo Bottle',240.00,4,2),
(78,'Milk Powder',360.00,1,3),
(79,'Fruit Jam',150.00,6,4),
(80,'Instant Noodles',35.00,6,5);

SELECT * FROM product;
SELECT * FROM inventory;

INSERT INTO inventory (product_id, stock_quantity, last_updated, reorder_level) VALUES
(61,39,'2025-10-29',15),
(62,158,'2025-11-18',30),
(63,67,'2025-12-05',20),
(64,16,'2025-12-27',25),
(65,103,'2026-01-09',22),
(66,57,'2026-01-31',15),
(67,11,'2026-02-20',20),
(68,176,'2026-03-08',35),
(69,93,'2026-03-26',18),
(70,42,'2026-04-14',12),
(71,134,'2026-04-28',25),
(72,73,'2026-05-01',15),
(73,28,'2026-05-01',10),
(74,190,'2026-05-01',40),
(75,62,'2026-05-01',18),
(76,21,'2026-05-01',12),
(77,117,'2026-05-01',25),
(78,47,'2026-05-01',15),
(79,13,'2026-05-01',20),
(80,168,'2026-05-01',30);

SELECT * FROM purchase_pattern;
-- 2. INSERT INTO PURCHASE_PATTERN (your data)
INSERT INTO purchase_pattern
(customer_id, product_id, frequency, purchase_count, avg_quantity, last_purchased_date)
VALUES
(13,21,4,18,2.50,'2024-01-15'),
(14,22,2,9,1.00,'2024-02-10'),
(15,23,6,25,3.20,'2024-03-05'),
(16,24,3,14,2.00,'2024-03-28'),
(17,25,5,21,1.80,'2024-04-12'),
(18,26,1,5,1.00,'2024-04-29'),
(19,27,7,31,4.10,'2024-05-16'),
(20,28,3,12,2.30,'2024-06-02'),
(21,29,2,8,1.20,'2024-06-21'),
(22,30,5,20,2.90,'2024-07-08'),
(23,31,4,17,2.40,'2024-07-26'),
(24,32,1,4,1.00,'2024-08-11'),
(25,33,6,27,3.60,'2024-08-29'),
(26,34,3,13,2.00,'2024-09-14'),
(27,35,2,10,1.50,'2024-09-30'),
(28,36,5,22,2.70,'2024-10-17'),
(29,37,4,16,2.20,'2024-11-03'),
(30,38,1,6,1.00,'2024-11-21'),
(31,39,7,34,4.50,'2024-12-09'),
(32,40,3,15,2.10,'2024-12-28'),
(33,41,2,9,1.30,'2025-01-14'),
(34,42,5,23,3.00,'2025-01-30'),
(35,43,4,18,2.40,'2025-02-16'),
(36,44,1,5,1.00,'2025-03-02'),
(37,45,6,28,3.80,'2025-03-20'),
(38,46,3,11,2.00,'2025-04-06'),
(39,47,2,10,1.40,'2025-04-23'),
(40,48,5,24,3.10,'2025-05-09'),
(41,49,4,19,2.60,'2025-05-28'),
(42,50,1,4,1.00,'2025-06-15'),
(43,51,7,36,4.70,'2025-07-01'),
(44,52,3,12,2.10,'2025-07-19'),
(45,53,2,8,1.20,'2025-08-04'),
(46,54,5,21,2.80,'2025-08-22'),
(47,55,4,17,2.30,'2025-09-10'),
(48,56,1,6,1.00,'2025-09-27'),
(49,57,6,29,3.90,'2025-10-14'),
(50,58,3,13,2.00,'2025-10-30'),
(51,59,2,9,1.50,'2025-11-18'),
(52,60,5,25,3.20,'2025-12-06'),
(53,61,4,18,2.50,'2025-12-22'),
(54,62,1,5,1.00,'2026-01-09'),
(55,63,7,33,4.30,'2026-01-27'),
(56,64,3,14,2.10,'2026-02-12'),
(57,65,2,8,1.30,'2026-02-28'),
(58,66,5,22,2.90,'2026-03-16'),
(59,67,4,16,2.40,'2026-03-31'),
(60,68,1,4,1.00,'2026-04-12'),
(61,69,6,27,3.70,'2026-04-22'),
(62,70,3,12,2.00,'2026-04-28'),
(63,71,2,10,1.50,'2026-05-01'),
(64,72,5,20,2.80,'2026-05-01'),
(65,73,4,18,2.20,'2026-05-01'),
(66,74,1,5,1.00,'2026-05-01'),
(67,75,7,35,4.60,'2026-05-01'),
(68,76,3,13,2.00,'2026-05-01'),
(69,77,2,8,1.20,'2026-05-01'),
(70,78,5,23,3.00,'2026-05-01'),
(71,79,4,17,2.50,'2026-05-01'),
(72,80,1,4,1.00,'2026-05-01');

SELECT * FROM customer;


INSERT INTO sales
(sale_id, customer_id, sale_date, total_amount)
VALUES
(46,46,'2024-01-08',845.50),
(47,17,'2024-01-15',420.00),
(48,58,'2024-01-27',1299.75),
(49,23,'2024-02-03',560.25),
(50,71,'2024-02-14',980.00),
(51,34,'2024-02-26',315.50),
(52,89,'2024-03-05',1540.00),
(53,12,'2024-03-18',275.00),
(54,64,'2024-03-29',760.80),
(55,27,'2024-04-04',499.00),
(56,95,'2024-04-17',1125.40),
(57,41,'2024-04-28',350.00),
(58,53,'2024-05-09',685.75),
(59,76,'2024-05-21',920.00),
(60,18,'2024-06-02',455.50),
(61,102,'2024-06-15',1340.00),
(62,39,'2024-06-28',610.20),
(63,67,'2024-07-06',870.00),
(64,22,'2024-07-18',540.00),
(65,84,'2024-07-29',1599.99),
(66,31,'2024-08-10',410.50),
(67,57,'2024-08-24',790.00),
(68,108,'2024-09-03',220.00),
(69,44,'2024-09-19',965.60),
(70,73,'2024-09-30',1250.00),
(71,19,'2024-10-12',575.00),
(72,97,'2024-10-26',1480.30),
(73,28,'2024-11-08',640.50),
(74,63,'2024-11-22',330.00),
(75,111,'2024-12-05',1745.00),
(76,36,'2024-12-19',899.90),
(77,52,'2025-01-04',455.00),
(78,88,'2025-01-16',1180.00),
(79,24,'2025-01-29',605.75),
(80,69,'2025-02-11',720.40),
(81,15,'2025-02-24',390.00),
(82,104,'2025-03-07',1660.00),
(83,47,'2025-03-20',845.25),
(84,61,'2025-04-02',510.00),
(85,20,'2025-04-16',1325.50),
(86,92,'2025-04-28',275.00),
(87,38,'2025-05-09',980.00),
(88,74,'2025-05-22',640.80),
(89,13,'2025-06-05',1590.00),
(90,83,'2025-06-18',445.50),
(91,56,'2025-07-01',735.00),
(92,101,'2025-07-14',1899.99),
(93,29,'2025-07-27',520.00),
(94,65,'2025-08-09',810.40),
(95,16,'2025-08-23',365.00),
(96,107,'2025-09-04',1430.75),
(97,42,'2025-09-17',690.00),
(98,78,'2025-09-30',955.20),
(99,25,'2025-10-12',480.00),
(100,99,'2025-10-26',1720.50),
(101,54,'2025-11-08',615.00),
(102,87,'2025-11-21',825.60),
(103,32,'2025-12-03',295.00),
(104,72,'2025-12-18',1360.00),
(105,14,'2026-01-06',575.40),
(106,94,'2026-01-20',920.00),
(107,49,'2026-02-03',460.00),
(108,81,'2026-02-17',1515.75),
(109,26,'2026-03-02',705.00),
(110,112,'2026-03-15',1890.00),
(111,59,'2026-03-29',540.00),
(112,91,'2026-04-10',875.25),
(113,35,'2026-04-22',330.00),
(114,68,'2026-05-01',1245.50);


INSERT INTO sales_details
(sale_detail_id, sale_id, product_id, quantity, total_price)
VALUES
(46,46,21,3,450.00),
(47,47,12,2,220.00),
(48,48,35,5,875.00),
(49,49,18,2,320.00),
(50,50,44,4,760.00),
(51,51,27,1,180.00),
(52,52,52,6,1260.00),
(53,53,9,2,140.00),
(54,54,39,3,690.00),
(55,55,16,2,280.00),
(56,56,58,5,1100.00),
(57,57,23,1,150.00),
(58,58,31,4,620.00),
(59,59,47,3,870.00),
(60,60,14,2,260.00),
(61,61,60,6,1320.00),
(62,62,28,2,420.00),
(63,63,41,4,800.00),
(64,64,11,3,510.00),
(65,65,55,7,1540.00),
(66,66,19,2,310.00),
(67,67,33,4,740.00),
(68,68,7,1,120.00),
(69,69,49,5,950.00),
(70,70,36,6,1200.00),
(71,71,17,2,360.00),
(72,72,59,7,1470.00),
(73,73,24,3,540.00),
(74,74,8,2,260.00),
(75,75,57,8,1680.00),
(76,76,29,4,880.00),
(77,77,13,2,240.00),
(78,78,46,5,1150.00),
(79,79,20,3,510.00),
(80,80,38,4,680.00),
(81,81,10,2,210.00),
(82,82,54,7,1610.00),
(83,83,26,3,720.00),
(84,84,32,2,390.00),
(85,85,48,6,1260.00),
(86,86,6,1,95.00),
(87,87,43,5,925.00),
(88,88,30,3,570.00),
(89,89,51,7,1540.00),
(90,90,22,2,330.00),
(91,91,40,4,760.00),
(92,92,56,8,1840.00),
(93,93,15,3,480.00),
(94,94,34,4,800.00),
(95,95,5,2,170.00),
(96,96,53,6,1380.00),
(97,97,25,3,660.00),
(98,98,45,5,900.00),
(99,99,18,2,320.00),
(100,100,58,8,1760.00),
(101,101,27,3,540.00),
(102,102,42,4,780.00),
(103,103,9,1,70.00),
(104,104,60,6,1320.00),
(105,105,16,2,280.00),
(106,106,47,4,1160.00),
(107,107,12,3,330.00),
(108,108,55,7,1540.00),
(109,109,24,3,540.00),
(110,110,59,9,1890.00),
(111,111,21,3,450.00),
(112,112,39,4,920.00),
(113,113,7,2,240.00),
(114,114,52,6,1260.00);

INSERT INTO supplier
(supplier_id, supplier_name, contact)
VALUES
(7,'FreshMart Distributors','9812300007'),
(8,'Sunrise Traders','9812300008'),
(9,'GreenLeaf Supplies','9812300009'),
(10,'Urban Retail Partners','9812300010'),
(11,'Prime Foods Agency','9812300011'),
(12,'DailyNeed Wholesale','9812300012'),
(13,'SilverLine Traders','9812300013'),
(14,'BlueWave Distributors','9812300014'),
(15,'EverGrow Supplies','9812300015'),
(16,'Golden Basket Vendors','9812300016'),
(17,'RapidKart Traders','9812300017'),
(18,'Metro Supply Chain','9812300018'),
(19,'SmartChoice Wholesale','9812300019'),
(20,'NatureNest Suppliers','9812300020'),
(21,'Elite Essentials Co.','9812300021'),
(22,'Starline Agencies','9812300022'),
(23,'ValuePoint Traders','9812300023'),
(24,'BrightPath Distributors','9812300024'),
(25,'Harvest Foods Supply','9812300025'),
(26,'NextGen Retail Source','9812300026'),
(27,'RoyalMart Vendors','9812300027'),
(28,'PeakLine Traders','9812300028'),
(29,'TrustBridge Supplies','9812300029'),
(30,'QuickServe Wholesale','9812300030');